<?xml version="1.0" encoding="UTF-8"?>
<configuration>

    <property name="APP_LOGS_PATH" value="TweetAppBackendLogs/app.logs"/>

    <appender name="APP_LOGS" class="ch.qos.logback.core.rolling.RollingFileAppender">
        <file>${APP_LOGS_PATH}</file>

        <rollingPolicy class="ch.qos.logback.core.rolling.SizeAndTimeBasedRollingPolicy">
            <fileNamePattern>TweetAppBackendLogs/archived/app.%d{yyyy-MM-dd}.%i.log</fileNamePattern>
            <!-- each archived file, size max 10MB -->
            <maxFileSize>10MB</maxFileSize>
            <!-- total size of all archive files, if total size > 20GB,
				it will delete old archived file -->
            <totalSizeCap>20GB</totalSizeCap>
            <!-- 60 days to keep -->
            <maxHistory>60</maxHistory>
        </rollingPolicy>
        <encoder>
            <pattern>%d %5p %m [class=%c]%n</pattern>
        </encoder>
    </appender>

    <property name="SERVER_LOGS_PATH" value="TweetAppBackendLogs/server.logs"/>

    <appender name="SERVER_LOGS" class="ch.qos.logback.core.rolling.RollingFileAppender">
        <file>${SERVER_LOGS_PATH}</file>
        <rollingPolicy class="ch.qos.logback.core.rolling.SizeAndTimeBasedRollingPolicy">
            <fileNamePattern>TweetAppBackendLogs/archived/server.%d{yyyy-MM-dd}.%i.log</fileNamePattern>
            <!-- each archived file, size max 10MB -->
            <maxFileSize>10MB</maxFileSize>
            <!-- total size of all archive files, if total size > 20GB,
				it will delete old archived file -->
            <totalSizeCap>20GB</totalSizeCap>
            <!-- 60 days to keep -->
            <maxHistory>60</maxHistory>
        </rollingPolicy>
        <encoder>
            <pattern>%d %5p %m [class=%c]%n</pattern>
        </encoder>
    </appender>

    <appender name="CONSOLE" class="ch.qos.logback.core.ConsoleAppender">
        <layout class="ch.qos.logback.classic.PatternLayout">
            <Pattern>
                %d{yyyy-MM-dd HH:mm:ss} %5p %m - %logger%n
            </Pattern>
        </layout>
    </appender>

    <logger name="com.tweetapp" level="debug" additivity="false">
        <appender-ref ref="APP_LOGS"/>
    </logger>

    <root level="info">
        <appender-ref ref="CONSOLE"/>
        <appender-ref ref="SERVER_LOGS"/>
    </root>

</configuration>